message_id,plaintext,cloud_node
1,Message_1,Node_B
2,Message_2,Node_A
3,Message_3,Node_B
4,Message_4,Node_A
5,Message_5,Node_B
6,Message_6,Node_A
7,Message_7,Node_B
8,Message_8,Node_A
9,Message_9,Node_B
10,Message_10,Node_A
11,Message_11,Node_B
12,Message_12,Node_A
13,Message_13,Node_B
14,Message_14,Node_A
15,Message_15,Node_B
16,Message_16,Node_A
17,Message_17,Node_B
18,Message_18,Node_A
19,Message_19,Node_B
20,Message_20,Node_A
21,Message_21,Node_B
22,Message_22,Node_A
23,Message_23,Node_B
24,Message_24,Node_A
25,Message_25,Node_B
26,Message_26,Node_A
27,Message_27,Node_B
28,Message_28,Node_A
29,Message_29,Node_B
30,Message_30,Node_A
31,Message_31,Node_B
32,Message_32,Node_A
33,Message_33,Node_B
34,Message_34,Node_A
35,Message_35,Node_B
36,Message_36,Node_A
37,Message_37,Node_B
38,Message_38,Node_A
39,Message_39,Node_B
40,Message_40,Node_A
41,Message_41,Node_B
42,Message_42,Node_A
43,Message_43,Node_B
44,Message_44,Node_A
45,Message_45,Node_B
46,Message_46,Node_A
47,Message_47,Node_B
48,Message_48,Node_A
49,Message_49,Node_B
50,Message_50,Node_A
51,Message_51,Node_B
52,Message_52,Node_A
53,Message_53,Node_B
54,Message_54,Node_A
55,Message_55,Node_B
56,Message_56,Node_A
57,Message_57,Node_B
58,Message_58,Node_A
59,Message_59,Node_B
60,Message_60,Node_A
61,Message_61,Node_B
62,Message_62,Node_A
63,Message_63,Node_B
64,Message_64,Node_A
65,Message_65,Node_B
66,Message_66,Node_A
67,Message_67,Node_B
68,Message_68,Node_A
69,Message_69,Node_B
70,Message_70,Node_A
71,Message_71,Node_B
72,Message_72,Node_A
73,Message_73,Node_B
74,Message_74,Node_A
75,Message_75,Node_B
76,Message_76,Node_A
77,Message_77,Node_B
78,Message_78,Node_A
79,Message_79,Node_B
80,Message_80,Node_A
81,Message_81,Node_B
82,Message_82,Node_A
83,Message_83,Node_B
84,Message_84,Node_A
85,Message_85,Node_B
86,Message_86,Node_A
87,Message_87,Node_B
88,Message_88,Node_A
89,Message_89,Node_B
90,Message_90,Node_A
91,Message_91,Node_B
92,Message_92,Node_A
93,Message_93,Node_B
94,Message_94,Node_A
95,Message_95,Node_B
96,Message_96,Node_A
97,Message_97,Node_B
98,Message_98,Node_A
99,Message_99,Node_B
100,Message_100,Node_A
101,Message_101,Node_B
102,Message_102,Node_A
103,Message_103,Node_B
104,Message_104,Node_A
105,Message_105,Node_B
106,Message_106,Node_A
107,Message_107,Node_B
108,Message_108,Node_A
109,Message_109,Node_B
110,Message_110,Node_A
111,Message_111,Node_B
112,Message_112,Node_A
113,Message_113,Node_B
114,Message_114,Node_A
115,Message_115,Node_B
116,Message_116,Node_A
117,Message_117,Node_B
118,Message_118,Node_A
119,Message_119,Node_B
120,Message_120,Node_A
121,Message_121,Node_B
122,Message_122,Node_A
123,Message_123,Node_B
124,Message_124,Node_A
125,Message_125,Node_B
126,Message_126,Node_A
127,Message_127,Node_B
128,Message_128,Node_A
129,Message_129,Node_B
130,Message_130,Node_A
131,Message_131,Node_B
132,Message_132,Node_A
133,Message_133,Node_B
134,Message_134,Node_A
135,Message_135,Node_B
136,Message_136,Node_A
137,Message_137,Node_B
138,Message_138,Node_A
139,Message_139,Node_B
140,Message_140,Node_A
141,Message_141,Node_B
142,Message_142,Node_A
143,Message_143,Node_B
144,Message_144,Node_A
145,Message_145,Node_B
146,Message_146,Node_A
147,Message_147,Node_B
148,Message_148,Node_A
149,Message_149,Node_B
150,Message_150,Node_A
151,Message_151,Node_B
152,Message_152,Node_A
153,Message_153,Node_B
154,Message_154,Node_A
155,Message_155,Node_B
156,Message_156,Node_A
157,Message_157,Node_B
158,Message_158,Node_A
159,Message_159,Node_B
160,Message_160,Node_A
161,Message_161,Node_B
162,Message_162,Node_A
163,Message_163,Node_B
164,Message_164,Node_A
165,Message_165,Node_B
166,Message_166,Node_A
167,Message_167,Node_B
168,Message_168,Node_A
169,Message_169,Node_B
170,Message_170,Node_A
171,Message_171,Node_B
172,Message_172,Node_A
173,Message_173,Node_B
174,Message_174,Node_A
175,Message_175,Node_B
176,Message_176,Node_A
177,Message_177,Node_B
178,Message_178,Node_A
179,Message_179,Node_B
180,Message_180,Node_A
181,Message_181,Node_B
182,Message_182,Node_A
183,Message_183,Node_B
184,Message_184,Node_A
185,Message_185,Node_B
186,Message_186,Node_A
187,Message_187,Node_B
188,Message_188,Node_A
189,Message_189,Node_B
190,Message_190,Node_A
191,Message_191,Node_B
192,Message_192,Node_A
193,Message_193,Node_B
194,Message_194,Node_A
195,Message_195,Node_B
196,Message_196,Node_A
197,Message_197,Node_B
198,Message_198,Node_A
199,Message_199,Node_B
200,Message_200,Node_A
201,Message_201,Node_B
202,Message_202,Node_A
203,Message_203,Node_B
204,Message_204,Node_A
205,Message_205,Node_B
206,Message_206,Node_A
207,Message_207,Node_B
208,Message_208,Node_A
209,Message_209,Node_B
210,Message_210,Node_A
211,Message_211,Node_B
212,Message_212,Node_A
213,Message_213,Node_B
214,Message_214,Node_A
215,Message_215,Node_B
216,Message_216,Node_A
217,Message_217,Node_B
218,Message_218,Node_A
219,Message_219,Node_B
220,Message_220,Node_A
221,Message_221,Node_B
222,Message_222,Node_A
223,Message_223,Node_B
224,Message_224,Node_A
225,Message_225,Node_B
226,Message_226,Node_A
227,Message_227,Node_B
228,Message_228,Node_A
229,Message_229,Node_B
230,Message_230,Node_A
231,Message_231,Node_B
232,Message_232,Node_A
233,Message_233,Node_B
234,Message_234,Node_A
235,Message_235,Node_B
236,Message_236,Node_A
237,Message_237,Node_B
238,Message_238,Node_A
239,Message_239,Node_B
240,Message_240,Node_A
241,Message_241,Node_B
242,Message_242,Node_A
243,Message_243,Node_B
244,Message_244,Node_A
245,Message_245,Node_B
246,Message_246,Node_A
247,Message_247,Node_B
248,Message_248,Node_A
249,Message_249,Node_B
250,Message_250,Node_A
251,Message_251,Node_B
252,Message_252,Node_A
253,Message_253,Node_B
254,Message_254,Node_A
255,Message_255,Node_B
256,Message_256,Node_A
257,Message_257,Node_B
258,Message_258,Node_A
259,Message_259,Node_B
260,Message_260,Node_A
261,Message_261,Node_B
262,Message_262,Node_A
263,Message_263,Node_B
264,Message_264,Node_A
265,Message_265,Node_B
266,Message_266,Node_A
267,Message_267,Node_B
268,Message_268,Node_A
269,Message_269,Node_B
270,Message_270,Node_A
271,Message_271,Node_B
272,Message_272,Node_A
273,Message_273,Node_B
274,Message_274,Node_A
275,Message_275,Node_B
276,Message_276,Node_A
277,Message_277,Node_B
278,Message_278,Node_A
279,Message_279,Node_B
280,Message_280,Node_A
281,Message_281,Node_B
282,Message_282,Node_A
283,Message_283,Node_B
284,Message_284,Node_A
285,Message_285,Node_B
286,Message_286,Node_A
287,Message_287,Node_B
288,Message_288,Node_A
289,Message_289,Node_B
290,Message_290,Node_A
291,Message_291,Node_B
292,Message_292,Node_A
293,Message_293,Node_B
294,Message_294,Node_A
295,Message_295,Node_B
296,Message_296,Node_A
297,Message_297,Node_B
298,Message_298,Node_A
299,Message_299,Node_B
300,Message_300,Node_A
301,Message_301,Node_B
302,Message_302,Node_A
303,Message_303,Node_B
304,Message_304,Node_A
305,Message_305,Node_B
306,Message_306,Node_A
307,Message_307,Node_B
308,Message_308,Node_A
309,Message_309,Node_B
310,Message_310,Node_A
311,Message_311,Node_B
312,Message_312,Node_A
313,Message_313,Node_B
314,Message_314,Node_A
315,Message_315,Node_B
316,Message_316,Node_A
317,Message_317,Node_B
318,Message_318,Node_A
319,Message_319,Node_B
320,Message_320,Node_A
321,Message_321,Node_B
322,Message_322,Node_A
323,Message_323,Node_B
324,Message_324,Node_A
325,Message_325,Node_B
326,Message_326,Node_A
327,Message_327,Node_B
328,Message_328,Node_A
329,Message_329,Node_B
330,Message_330,Node_A
331,Message_331,Node_B
332,Message_332,Node_A
333,Message_333,Node_B
334,Message_334,Node_A
335,Message_335,Node_B
336,Message_336,Node_A
337,Message_337,Node_B
338,Message_338,Node_A
339,Message_339,Node_B
340,Message_340,Node_A
341,Message_341,Node_B
342,Message_342,Node_A
343,Message_343,Node_B
344,Message_344,Node_A
345,Message_345,Node_B
346,Message_346,Node_A
347,Message_347,Node_B
348,Message_348,Node_A
349,Message_349,Node_B
350,Message_350,Node_A
351,Message_351,Node_B
352,Message_352,Node_A
353,Message_353,Node_B
354,Message_354,Node_A
355,Message_355,Node_B
356,Message_356,Node_A
357,Message_357,Node_B
358,Message_358,Node_A
359,Message_359,Node_B
360,Message_360,Node_A
361,Message_361,Node_B
362,Message_362,Node_A
363,Message_363,Node_B
364,Message_364,Node_A
365,Message_365,Node_B
366,Message_366,Node_A
367,Message_367,Node_B
368,Message_368,Node_A
369,Message_369,Node_B
370,Message_370,Node_A
371,Message_371,Node_B
372,Message_372,Node_A
373,Message_373,Node_B
374,Message_374,Node_A
375,Message_375,Node_B
376,Message_376,Node_A
377,Message_377,Node_B
378,Message_378,Node_A
379,Message_379,Node_B
380,Message_380,Node_A
381,Message_381,Node_B
382,Message_382,Node_A
383,Message_383,Node_B
384,Message_384,Node_A
385,Message_385,Node_B
386,Message_386,Node_A
387,Message_387,Node_B
388,Message_388,Node_A
389,Message_389,Node_B
390,Message_390,Node_A
391,Message_391,Node_B
392,Message_392,Node_A
393,Message_393,Node_B
394,Message_394,Node_A
395,Message_395,Node_B
396,Message_396,Node_A
397,Message_397,Node_B
398,Message_398,Node_A
399,Message_399,Node_B
400,Message_400,Node_A
401,Message_401,Node_B
402,Message_402,Node_A
403,Message_403,Node_B
404,Message_404,Node_A
405,Message_405,Node_B
406,Message_406,Node_A
407,Message_407,Node_B
408,Message_408,Node_A
409,Message_409,Node_B
410,Message_410,Node_A
411,Message_411,Node_B
412,Message_412,Node_A
413,Message_413,Node_B
414,Message_414,Node_A
415,Message_415,Node_B
416,Message_416,Node_A
417,Message_417,Node_B
418,Message_418,Node_A
419,Message_419,Node_B
420,Message_420,Node_A
421,Message_421,Node_B
422,Message_422,Node_A
423,Message_423,Node_B
424,Message_424,Node_A
425,Message_425,Node_B
426,Message_426,Node_A
427,Message_427,Node_B
428,Message_428,Node_A
429,Message_429,Node_B
430,Message_430,Node_A
431,Message_431,Node_B
432,Message_432,Node_A
433,Message_433,Node_B
434,Message_434,Node_A
435,Message_435,Node_B
436,Message_436,Node_A
437,Message_437,Node_B
438,Message_438,Node_A
439,Message_439,Node_B
440,Message_440,Node_A
441,Message_441,Node_B
442,Message_442,Node_A
443,Message_443,Node_B
444,Message_444,Node_A
445,Message_445,Node_B
446,Message_446,Node_A
447,Message_447,Node_B
448,Message_448,Node_A
449,Message_449,Node_B
450,Message_450,Node_A
451,Message_451,Node_B
452,Message_452,Node_A
453,Message_453,Node_B
454,Message_454,Node_A
455,Message_455,Node_B
456,Message_456,Node_A
457,Message_457,Node_B
458,Message_458,Node_A
459,Message_459,Node_B
460,Message_460,Node_A
461,Message_461,Node_B
462,Message_462,Node_A
463,Message_463,Node_B
464,Message_464,Node_A
465,Message_465,Node_B
466,Message_466,Node_A
467,Message_467,Node_B
468,Message_468,Node_A
469,Message_469,Node_B
470,Message_470,Node_A
471,Message_471,Node_B
472,Message_472,Node_A
473,Message_473,Node_B
474,Message_474,Node_A
475,Message_475,Node_B
476,Message_476,Node_A
477,Message_477,Node_B
478,Message_478,Node_A
479,Message_479,Node_B
480,Message_480,Node_A
481,Message_481,Node_B
482,Message_482,Node_A
483,Message_483,Node_B
484,Message_484,Node_A
485,Message_485,Node_B
486,Message_486,Node_A
487,Message_487,Node_B
488,Message_488,Node_A
489,Message_489,Node_B
490,Message_490,Node_A
491,Message_491,Node_B
492,Message_492,Node_A
493,Message_493,Node_B
494,Message_494,Node_A
495,Message_495,Node_B
496,Message_496,Node_A
497,Message_497,Node_B
498,Message_498,Node_A
499,Message_499,Node_B
500,Message_500,Node_A
501,Message_501,Node_B
502,Message_502,Node_A
503,Message_503,Node_B
504,Message_504,Node_A
505,Message_505,Node_B
506,Message_506,Node_A
507,Message_507,Node_B
508,Message_508,Node_A
509,Message_509,Node_B
510,Message_510,Node_A
511,Message_511,Node_B
512,Message_512,Node_A
513,Message_513,Node_B
514,Message_514,Node_A
515,Message_515,Node_B
516,Message_516,Node_A
517,Message_517,Node_B
518,Message_518,Node_A
519,Message_519,Node_B
520,Message_520,Node_A
521,Message_521,Node_B
522,Message_522,Node_A
523,Message_523,Node_B
524,Message_524,Node_A
525,Message_525,Node_B
526,Message_526,Node_A
527,Message_527,Node_B
528,Message_528,Node_A
529,Message_529,Node_B
530,Message_530,Node_A
531,Message_531,Node_B
532,Message_532,Node_A
533,Message_533,Node_B
534,Message_534,Node_A
535,Message_535,Node_B
536,Message_536,Node_A
537,Message_537,Node_B
538,Message_538,Node_A
539,Message_539,Node_B
540,Message_540,Node_A
541,Message_541,Node_B
542,Message_542,Node_A
543,Message_543,Node_B
544,Message_544,Node_A
545,Message_545,Node_B
546,Message_546,Node_A
547,Message_547,Node_B
548,Message_548,Node_A
549,Message_549,Node_B
550,Message_550,Node_A
551,Message_551,Node_B
552,Message_552,Node_A
553,Message_553,Node_B
554,Message_554,Node_A
555,Message_555,Node_B
556,Message_556,Node_A
557,Message_557,Node_B
558,Message_558,Node_A
559,Message_559,Node_B
560,Message_560,Node_A
561,Message_561,Node_B
562,Message_562,Node_A
563,Message_563,Node_B
564,Message_564,Node_A
565,Message_565,Node_B
566,Message_566,Node_A
567,Message_567,Node_B
568,Message_568,Node_A
569,Message_569,Node_B
570,Message_570,Node_A
571,Message_571,Node_B
572,Message_572,Node_A
573,Message_573,Node_B
574,Message_574,Node_A
575,Message_575,Node_B
576,Message_576,Node_A
577,Message_577,Node_B
578,Message_578,Node_A
579,Message_579,Node_B
580,Message_580,Node_A
581,Message_581,Node_B
582,Message_582,Node_A
583,Message_583,Node_B
584,Message_584,Node_A
585,Message_585,Node_B
586,Message_586,Node_A
587,Message_587,Node_B
588,Message_588,Node_A
589,Message_589,Node_B
590,Message_590,Node_A
591,Message_591,Node_B
592,Message_592,Node_A
593,Message_593,Node_B
594,Message_594,Node_A
595,Message_595,Node_B
596,Message_596,Node_A
597,Message_597,Node_B
598,Message_598,Node_A
599,Message_599,Node_B
600,Message_600,Node_A
601,Message_601,Node_B
602,Message_602,Node_A
603,Message_603,Node_B
604,Message_604,Node_A
605,Message_605,Node_B
606,Message_606,Node_A
607,Message_607,Node_B
608,Message_608,Node_A
609,Message_609,Node_B
610,Message_610,Node_A
611,Message_611,Node_B
612,Message_612,Node_A
613,Message_613,Node_B
614,Message_614,Node_A
615,Message_615,Node_B
616,Message_616,Node_A
617,Message_617,Node_B
618,Message_618,Node_A
619,Message_619,Node_B
620,Message_620,Node_A
621,Message_621,Node_B
622,Message_622,Node_A
623,Message_623,Node_B
624,Message_624,Node_A
625,Message_625,Node_B
626,Message_626,Node_A
627,Message_627,Node_B
628,Message_628,Node_A
629,Message_629,Node_B
630,Message_630,Node_A
631,Message_631,Node_B
632,Message_632,Node_A
633,Message_633,Node_B
634,Message_634,Node_A
635,Message_635,Node_B
636,Message_636,Node_A
637,Message_637,Node_B
638,Message_638,Node_A
639,Message_639,Node_B
640,Message_640,Node_A
641,Message_641,Node_B
642,Message_642,Node_A
643,Message_643,Node_B
644,Message_644,Node_A
645,Message_645,Node_B
646,Message_646,Node_A
647,Message_647,Node_B
648,Message_648,Node_A
649,Message_649,Node_B
650,Message_650,Node_A
651,Message_651,Node_B
652,Message_652,Node_A
653,Message_653,Node_B
654,Message_654,Node_A
655,Message_655,Node_B
656,Message_656,Node_A
657,Message_657,Node_B
658,Message_658,Node_A
659,Message_659,Node_B
660,Message_660,Node_A
661,Message_661,Node_B
662,Message_662,Node_A
663,Message_663,Node_B
664,Message_664,Node_A
665,Message_665,Node_B
666,Message_666,Node_A
667,Message_667,Node_B
668,Message_668,Node_A
669,Message_669,Node_B
670,Message_670,Node_A
671,Message_671,Node_B
672,Message_672,Node_A
673,Message_673,Node_B
674,Message_674,Node_A
675,Message_675,Node_B
676,Message_676,Node_A
677,Message_677,Node_B
678,Message_678,Node_A
679,Message_679,Node_B
680,Message_680,Node_A
681,Message_681,Node_B
682,Message_682,Node_A
683,Message_683,Node_B
684,Message_684,Node_A
685,Message_685,Node_B
686,Message_686,Node_A
687,Message_687,Node_B
688,Message_688,Node_A
689,Message_689,Node_B
690,Message_690,Node_A
691,Message_691,Node_B
692,Message_692,Node_A
693,Message_693,Node_B
694,Message_694,Node_A
695,Message_695,Node_B
696,Message_696,Node_A
697,Message_697,Node_B
698,Message_698,Node_A
699,Message_699,Node_B
700,Message_700,Node_A
701,Message_701,Node_B
702,Message_702,Node_A
703,Message_703,Node_B
704,Message_704,Node_A
705,Message_705,Node_B
706,Message_706,Node_A
707,Message_707,Node_B
708,Message_708,Node_A
709,Message_709,Node_B
710,Message_710,Node_A
711,Message_711,Node_B
712,Message_712,Node_A
713,Message_713,Node_B
714,Message_714,Node_A
715,Message_715,Node_B
716,Message_716,Node_A
717,Message_717,Node_B
718,Message_718,Node_A
719,Message_719,Node_B
720,Message_720,Node_A
721,Message_721,Node_B
722,Message_722,Node_A
723,Message_723,Node_B
724,Message_724,Node_A
725,Message_725,Node_B
726,Message_726,Node_A
727,Message_727,Node_B
728,Message_728,Node_A
729,Message_729,Node_B
730,Message_730,Node_A
731,Message_731,Node_B
732,Message_732,Node_A
733,Message_733,Node_B
734,Message_734,Node_A
735,Message_735,Node_B
736,Message_736,Node_A
737,Message_737,Node_B
738,Message_738,Node_A
739,Message_739,Node_B
740,Message_740,Node_A
741,Message_741,Node_B
742,Message_742,Node_A
743,Message_743,Node_B
744,Message_744,Node_A
745,Message_745,Node_B
746,Message_746,Node_A
747,Message_747,Node_B
748,Message_748,Node_A
749,Message_749,Node_B
750,Message_750,Node_A
751,Message_751,Node_B
752,Message_752,Node_A
753,Message_753,Node_B
754,Message_754,Node_A
755,Message_755,Node_B
756,Message_756,Node_A
757,Message_757,Node_B
758,Message_758,Node_A
759,Message_759,Node_B
760,Message_760,Node_A
761,Message_761,Node_B
762,Message_762,Node_A
763,Message_763,Node_B
764,Message_764,Node_A
765,Message_765,Node_B
766,Message_766,Node_A
767,Message_767,Node_B
768,Message_768,Node_A
769,Message_769,Node_B
770,Message_770,Node_A
771,Message_771,Node_B
772,Message_772,Node_A
773,Message_773,Node_B
774,Message_774,Node_A
775,Message_775,Node_B
776,Message_776,Node_A
777,Message_777,Node_B
778,Message_778,Node_A
779,Message_779,Node_B
780,Message_780,Node_A
781,Message_781,Node_B
782,Message_782,Node_A
783,Message_783,Node_B
784,Message_784,Node_A
785,Message_785,Node_B
786,Message_786,Node_A
787,Message_787,Node_B
788,Message_788,Node_A
789,Message_789,Node_B
790,Message_790,Node_A
791,Message_791,Node_B
792,Message_792,Node_A
793,Message_793,Node_B
794,Message_794,Node_A
795,Message_795,Node_B
796,Message_796,Node_A
797,Message_797,Node_B
798,Message_798,Node_A
799,Message_799,Node_B
800,Message_800,Node_A
801,Message_801,Node_B
802,Message_802,Node_A
803,Message_803,Node_B
804,Message_804,Node_A
805,Message_805,Node_B
806,Message_806,Node_A
807,Message_807,Node_B
808,Message_808,Node_A
809,Message_809,Node_B
810,Message_810,Node_A
811,Message_811,Node_B
812,Message_812,Node_A
813,Message_813,Node_B
814,Message_814,Node_A
815,Message_815,Node_B
816,Message_816,Node_A
817,Message_817,Node_B
818,Message_818,Node_A
819,Message_819,Node_B
820,Message_820,Node_A
821,Message_821,Node_B
822,Message_822,Node_A
823,Message_823,Node_B
824,Message_824,Node_A
825,Message_825,Node_B
826,Message_826,Node_A
827,Message_827,Node_B
828,Message_828,Node_A
829,Message_829,Node_B
830,Message_830,Node_A
831,Message_831,Node_B
832,Message_832,Node_A
833,Message_833,Node_B
834,Message_834,Node_A
835,Message_835,Node_B
836,Message_836,Node_A
837,Message_837,Node_B
838,Message_838,Node_A
839,Message_839,Node_B
840,Message_840,Node_A
841,Message_841,Node_B
842,Message_842,Node_A
843,Message_843,Node_B
844,Message_844,Node_A
845,Message_845,Node_B
846,Message_846,Node_A
847,Message_847,Node_B
848,Message_848,Node_A
849,Message_849,Node_B
850,Message_850,Node_A
851,Message_851,Node_B
852,Message_852,Node_A
853,Message_853,Node_B
854,Message_854,Node_A
855,Message_855,Node_B
856,Message_856,Node_A
857,Message_857,Node_B
858,Message_858,Node_A
859,Message_859,Node_B
860,Message_860,Node_A
861,Message_861,Node_B
862,Message_862,Node_A
863,Message_863,Node_B
864,Message_864,Node_A
865,Message_865,Node_B
866,Message_866,Node_A
867,Message_867,Node_B
868,Message_868,Node_A
869,Message_869,Node_B
870,Message_870,Node_A
871,Message_871,Node_B
872,Message_872,Node_A
873,Message_873,Node_B
874,Message_874,Node_A
875,Message_875,Node_B
876,Message_876,Node_A
877,Message_877,Node_B
878,Message_878,Node_A
879,Message_879,Node_B
880,Message_880,Node_A
881,Message_881,Node_B
882,Message_882,Node_A
883,Message_883,Node_B
884,Message_884,Node_A
885,Message_885,Node_B
886,Message_886,Node_A
887,Message_887,Node_B
888,Message_888,Node_A
889,Message_889,Node_B
890,Message_890,Node_A
891,Message_891,Node_B
892,Message_892,Node_A
893,Message_893,Node_B
894,Message_894,Node_A
895,Message_895,Node_B
896,Message_896,Node_A
897,Message_897,Node_B
898,Message_898,Node_A
899,Message_899,Node_B
900,Message_900,Node_A
901,Message_901,Node_B
902,Message_902,Node_A
903,Message_903,Node_B
904,Message_904,Node_A
905,Message_905,Node_B
906,Message_906,Node_A
907,Message_907,Node_B
908,Message_908,Node_A
909,Message_909,Node_B
910,Message_910,Node_A
911,Message_911,Node_B
912,Message_912,Node_A
913,Message_913,Node_B
914,Message_914,Node_A
915,Message_915,Node_B
916,Message_916,Node_A
917,Message_917,Node_B
918,Message_918,Node_A
919,Message_919,Node_B
920,Message_920,Node_A
921,Message_921,Node_B
922,Message_922,Node_A
923,Message_923,Node_B
924,Message_924,Node_A
925,Message_925,Node_B
926,Message_926,Node_A
927,Message_927,Node_B
928,Message_928,Node_A
929,Message_929,Node_B
930,Message_930,Node_A
931,Message_931,Node_B
932,Message_932,Node_A
933,Message_933,Node_B
934,Message_934,Node_A
935,Message_935,Node_B
936,Message_936,Node_A
937,Message_937,Node_B
938,Message_938,Node_A
939,Message_939,Node_B
940,Message_940,Node_A
941,Message_941,Node_B
942,Message_942,Node_A
943,Message_943,Node_B
944,Message_944,Node_A
945,Message_945,Node_B
946,Message_946,Node_A
947,Message_947,Node_B
948,Message_948,Node_A
949,Message_949,Node_B
950,Message_950,Node_A
951,Message_951,Node_B
952,Message_952,Node_A
953,Message_953,Node_B
954,Message_954,Node_A
955,Message_955,Node_B
956,Message_956,Node_A
957,Message_957,Node_B
958,Message_958,Node_A
959,Message_959,Node_B
960,Message_960,Node_A
961,Message_961,Node_B
962,Message_962,Node_A
963,Message_963,Node_B
964,Message_964,Node_A
965,Message_965,Node_B
966,Message_966,Node_A
967,Message_967,Node_B
968,Message_968,Node_A
969,Message_969,Node_B
970,Message_970,Node_A
971,Message_971,Node_B
972,Message_972,Node_A
973,Message_973,Node_B
974,Message_974,Node_A
975,Message_975,Node_B
976,Message_976,Node_A
977,Message_977,Node_B
978,Message_978,Node_A
979,Message_979,Node_B
980,Message_980,Node_A
981,Message_981,Node_B
982,Message_982,Node_A
983,Message_983,Node_B
984,Message_984,Node_A
985,Message_985,Node_B
986,Message_986,Node_A
987,Message_987,Node_B
988,Message_988,Node_A
989,Message_989,Node_B
990,Message_990,Node_A
991,Message_991,Node_B
992,Message_992,Node_A
993,Message_993,Node_B
994,Message_994,Node_A
995,Message_995,Node_B
996,Message_996,Node_A
997,Message_997,Node_B
998,Message_998,Node_A
999,Message_999,Node_B
1000,Message_1000,Node_A
